[
  {
    "description": "Added task 'Task 1' to board: My First Board",
    "userEmail": "phanee.5g@gmail.com",
    "boardName": "My First Board",
    "userId": "M8nSJxHjkGMoLYlHS2B2DbhIF963",
    "boardId": "JzK7Ie274ZgFJaVn74jc",
    "timestamp": "2025-04-24T05:50:11.014000+00:00",
    "id": "5rNw3RKWbv7dG1HSPkxw"
  },
  {
    "description": "Updated task 'Task 1' in board: My First Board",
    "userEmail": "phanee.5g@gmail.com",
    "boardName": "My First Board",
    "userId": "M8nSJxHjkGMoLYlHS2B2DbhIF963",
    "boardId": "JzK7Ie274ZgFJaVn74jc",
    "timestamp": "2025-04-24T05:50:23.506000+00:00",
    "id": "U61uuWcO00QGjaa3ipnU"
  },
  {
    "description": "Created board: My First Board",
    "userEmail": "phanee.5g@gmail.com",
    "userId": "M8nSJxHjkGMoLYlHS2B2DbhIF963",
    "timestamp": "2025-04-24T05:35:33.161000+00:00",
    "id": "ed1VI29Fs0yJVVIJoNGw"
  },
  {
    "description": "Added user phaneendrababugunturu4393@gmail.com to board: My First Board",
    "userEmail": "phanee.5g@gmail.com",
    "boardName": "My First Board",
    "userId": "M8nSJxHjkGMoLYlHS2B2DbhIF963",
    "boardId": "JzK7Ie274ZgFJaVn74jc",
    "timestamp": "2025-04-24T05:50:16.796000+00:00",
    "id": "q82enJb3o80YaHi2g5LJ"
  }
]